GivenName,Surname,Username
Robert,Payne,Youstaired
Helen,Arnold,Shavan
Virginia,Webb,Aniced
Kimberley,Walker,Offeed42
Edward,Snook,Hilooppat
Edward,Demello,Ancomettiody
Forrest,Lopez,Castand
Steve,Floyd,Alask1980
Mary,Basquez,Fectionce
Andrew,Skaggs,Dord1973
Timothy,Moore,Waallovar
Jeffery,Dodson,Makess
Pam,Knowles,Roing1964
James,Curtis,Vaid1950
Becky,Rubino,Tride1994
Ralph,Pearson,Thettles
Diana,Pond,Thatermonlen1987
Marion,Kwan,Stroathemed1947
Kimberly,George,Tiour1951
Brian,Volker,Lemp1950
Edgar,Pence,Withersent1985
Cecil,Ross,Ovis1959
Susan,Partington,Derapt
Leo,Hammer,Arday1976
Melinda,Byram,Exat1969
Blanche,Williams,Logy1945
Dick,Hilbert,Doemse
Christopher,Ringer,Thournes
John,Walker,Dres1978
Eloy,Loftus,Hathimerent
Evangeline,Lee,Theadisfat
Henry,Nickel,Suse1975
Linda,Porter,Exach1976
Bob,Gosselin,Nowed1939
Todd,Hughs,Thippost
David,Crompton,Cablecony
Adrian,Moore,Worturearown
Bridgette,Berry,Exagagaidid
Doris,Barger,Insper69
Hubert,Matthews,Musenown
Michael,West,Notivat
Jeremy,Cruz,Intownes
Edmond,Banton,Dich1964
Matthew,Longenecker,Thade1946
Steven,Tillman,Vadvapegul1978
John,Schueller,Untoonesch
Broderick,Booker,Hishing
Rachel,Foust,Therply
Rafael,Denny,Ausand
Juan,Stearns,Beirinked
Marguerite,Hake,Hounts
Evelyn,Tyson,Thertat
Angelo,Stewart,Agpied
Dorothy,Rathbone,Hise1983
Stephen,Reynolds,Hosee1936
Barbara,Cunningham,Peopone1990
Juan,Jarrell,Allons
Sharon,Hood,Waidelve
Santo,Williams,Lauchime
Jesus,Stone,Forelut
Eric,Tafoya,Leong1976
Ciara,Ahn,Goodincen
Jimmy,Lunsford,Solem1938
Mildred,Wiggins,Baris1951
Mary,Larosa,Unishok
Joseph,Blasko,Aporged
Alyce,Price,Maright
Candace,Featherstone,Witter
Letitia,Day,Thrupost
Nicole,Corder,Lence1971
Sarah,Large,Emenceapery
Cary,Meyers,Giver1960
Dawn,Cox,Mads1938
Joan,Sizemore,Covid1977
Holly,Reid,Liet1947
Harold,Weinberger,Hurn1944
John,Sutton,Plaids
James,Hubbard,Mareceing
Robert,Kearns,Cumn1976
Steve,Jones,Courriund
Joan,Wolverton,Upposties
Donna,Reeves,Youtbreters
Jose,Desmarais,Sourn1962
Deborah,Goss,Complatict53
Richard,Spencer,Bellon
Paulette,Carter,Soutructench
Donna,Mata,Remplume
Jason,Ray,Piculd41
Mitchell,Manning,Onink1950
Margaret,Ward,Incere
Rose,Daniels,Ningle
Michael,Goss,Dected
Vincent,Williamson,Whooksgivem
Marilyn,Ostrander,Onewalre
Peggy,Maines,Hathed
Latoya,Smith,Ansters
Gary,Hanes,Scier1937
Denise,Thomas,Wherenot1953
Jeff,Estrada,Heake1984
Clarence,Harrington,Ponerver1970
Carolyn,Obrien,Bessil
Cheryl,Conley,Mospe1980
Thomas,Davis,Coneing
Elijah,Lawrence,Upopety
Ruby,Higgins,Spoem1958
Cynthia,Pierson,Adoetted1979
Melanie,Rudy,Cory1930
Grant,Bowman,Heregoom1991
Sharon,Chancellor,Thoice
Paul,Lehoux,Nect1979
Jose,Pulido,Befeepilf
Ruthie,Tatro,Thadely
Deborah,Bakken,Quall1957
Peggy,Sorensen,Sidied
Mary,Lattimore,Seves1930
William,Kellogg,Stoud1947
Herbert,Hamilton,Forist
Patricia,Little,Bect1969
Christian,Pena,Oted1977
Brian,Fisk,Loggeme
Fernando,Berry,Omeato
Robbin,Blanton,Ratond
John,Harris,Rines1962
Carl,Lynch,Creeidell
Freddie,Mobley,Whal1984
Amanda,Smith,Theninver
Rose,Martin,Untrus
Cedric,Poor,Cusuneve
Marilyn,Hargett,Atuddrefould
Julio,Colon,Wores1971
Thomas,Johnson,Hadeencturs
Teresa,Jensen,Lades1941
Janice,Rodriguez,Derod1996
Joesph,Lopresti,Naceren
Christopher,Garcia,Littly
Jaime,McLean,Reptany
Juliette,Gordon,Valmostricay1962
Kylie,Rascon,Plitte
Paul,Fitzgerald,Teld1995
Lester,Harris,Imperesed
Virginia,Johnson,Higend1960
Roger,Swingle,Mitersell1989
Janie,Strong,Thomedran53
Effie,Fletcher,Houdishon
John,Wells,Therhatim
Anh,Payne,Duchou
Kelvin,Baldwin,Ciousbacher
Gerald,Nieman,Pesellai
James,Hunt,Hielper
Richard,Jones,Tobbe1931
David,Staten,Hishowas
Ollie,Phillips,Ondowde77
Timothy,Baldwin,Witow1962
Kelly,Winebrenner,Dowanceares
Richard,Murray,Mothe1954
Melvin,Anderson,Haloved
Matt,Hill,Narsto
Erik,Satterfield,Himsess64
Jeannette,Herron,Thering
June,Jones,Seliffe
Wei,Amato,Pasper
Margaret,Barrett,Goothis
Willis,Buchanan,Agerce1980
Rachel,Herb,Officeir1986
Joyce,Howard,Indesur1984
Rick,Coronado,Hurged
Elton,Parrott,Matelike
Pablo,Viers,Exactionan
Christopher,Robinson,Deprectuod
Edwin,Mathis,Thatche1970
Ingeborg,Barrett,Gloombress
Mabel,Ducharme,Frovers
Byron,Cronk,Hatheince
Matthew,Hamilton,Thouldre
Candice,Stout,Terful
Diane,Bartholomew,Uppound
Gail,Martin,Bley1949
Irma,Schwab,Witicked
Philip,Maglio,Beive1931
Jeffrey,Dicks,Dwrity48
Terry,Mendez,Prommore
Robin,Johnson,Eveive
Clarence,Clark,Fach1954
Sarah,Schmidt,Foreas
Marissa,Candler,Milem1975
Jason,Beaty,Froopped
Matthew,Caudle,Evied1974
Tarsha,Moulton,Tarm1952
Frances,Campbell,Thereastelf
Juan,Jones,Inds1935
Michael,Hazelip,Anisho
Georgianna,Ivory,Tusly1978
Gregg,Anderson,Castand
Marguerite,Harris,Milver
Elizabeth,Holbrook,Thadshast
Shirley,Vargas,Beardiesuch
Diane,Fortune,Wassis
Jon,Primm,Crecomight
Beverly,Cohen,Drel1931
Paula,Moseley,Himeacerhe
Linda,Green,Woughts
Cleopatra,Clerk,Lacir1954
Kathryn,Vega,Vock1965
John,Dillon,Vedge1961
Jennifer,Lawrence,Inte1930
Linda,Murrell,Hineed
Carolyn,Harvey,Thatts
Rickey,Plummer,Imeting
Linda,Rowland,Deards
Kari,Wagner,Whicenty
George,Albert,Baces1930
Roy,Eastman,Whiry1938
Theron,Wilburn,Saisent
Lisa,Montgomery,Wastionews
Shannon,Mitchell,Allon1941
Phil,Olden,Himme1970
Freddie,Strickler,Upitho
Tracy,Leggett,Thrights
Jackie,Stewart,Whoget
Sara,Ochoa,Comitaxby
David,Bridgewater,Arse1934
Susan,Dorsey,Aniong
Christine,Watson,Muct1975
Linda,Alexander,Inte1957
Candie,Evans,Thatche
Michael,Simpson,Thelly
Edward,Lemaster,Angroys
Jill,Duclos,Witinithey
Anthony,Mims,Morchad
Dustin,Sanchez,Turydestand
Richard,Curtis,Desper
Donald,Clark,Opurnisting
Edward,Guerra,Hamprat
Guadalupe,Anderson,Mintwoubity
Deetta,Schmaltz,Pardslia
Robert,Fischer,Lopits
Precious,Long,Boyough
Joyce,Knight,Rupot1942
Janice,Seda,Capaincess
Angela,Delacruz,Eatinke
Anne,Anderson,Ovens1991
Brandy,Springer,Modyette
Kathy,Patterson,Othes1955
Chang,Rawls,Hourlind1933
Petra,Hartley,Blet1990
James,Horne,Yourt1979
Jacqueline,Ogden,Thateld
Justin,Franklin,Befeepilf44
Grace,Franklin,Unrarken
Michael,Wells,Youresser74
Julie,Bennett,Orout1991
Debra,Coolidge,Alave1941
Jodi,Hopkins,Andelf
Heide,Warner,Shadeopleil70
Donna,Hill,Waskents
Alison,Young,Weataid1934
Martha,Logan,Staread
Manuel,Velez,Trabut
Michael,Fullwood,Youne1988
Dale,Delapaz,Knours1941
Patricia,Lesure,Andnig1967
Kemberly,Lord,Strowd
Kara,Marshall,Thersevere
Brandy,Holloway,Wisay1946
Edward,Caulfield,Haddeach
Yvonne,Hernandez,Suaid1939
Donald,Smith,Bettim
Barry,Kaster,Lenevers
Rob,Harris,Suppinfood
Jamie,Bigger,Yestanters
Steven,Moore,Forithave
Shawn,Niles,Propeas
Teresa,Sullivan,Thadeciagre
Elizabeth,Edwards,Bacen1940
Emma,Wright,Wicilite
Wendy,Reed,Witand
William,McClelland,Eakinatte
Eric,Lowell,Gued1937
Laura,Gallardo,Nionts
Maria,Kellogg,Theirignishe1940
Robert,Billips,Pallarcups
Gina,Young,Therettill66
Alice,Russ,Angth1965
Perry,Ingraham,Examper
Michele,West,Corid1947
Audrey,Garcia,Greentrion
Audra,Fitzpatrick,Amefore
Yvette,Lee,Witheitay
Samantha,Schneider,Sach1959
Virginia,Smith,Roire1966
Jessica,Burnett,Youss1965
Charles,Pittman,Occook
Ophelia,Wilson,Doperis
Gloria,Moore,Rompect1991
Forest,White,Compall
Deborah,Tracy,Spriphre1947
Warren,Lopez,Whoulet1957
Mary,Edwards,Grobleaugg
Sarah,Kline,Tinstrally1995
Michael,Sanders,Wasops1976
Allison,Tinney,Lamenscaught
Donna,Macrae,Beirate
Lisa,Franklin,Unrarken
Marcus,Castanon,Teries
Joseph,Cole,Bluetive
Margaret,Mahon,Hisper
Shirley,Burgos,Samen1956
Rhonda,Stover,Strah1989
Henry,Cole,Spreart
Doris,Clark,Abachis
Kenneth,Scott,Forgon
Richard,Ramirez,Bramety
Eduardo,Hampton,Hatunsid
Gene,Dalley,Otive1973
Wayne,Theus,Ancessitneve
Heather,Bryant,Eirdivemong
Julie,Bush,Loseen
Thomas,Bourget,Buthend59
Brandon,Dickerson,Alwas1935
Wendy,Hodge,Giver1986
Maria,Colburn,Mormis
Michael,Patch,Swill1996
Charles,Matthews,Mung1976
Marguerite,Prado,Youstivers
William,Penn,Crinew
Ola,Hall,Apprands
Edward,Hammond,Scitit65
Opal,Holt,Oferds
Jessica,Leblanc,Wentiont1974
Letha,Pratt,Noultand1932
Elizabeth,Kawakami,Prould1955
Robert,Smith,Apere1958
Victoria,Lotts,Fiening
Eduardo,Simpson,Sagat1936
Douglas,Teems,Tence1959
Carol,Arena,Chimand
Helen,Espinal,Pashery
Dorothy,Casady,Raidaured94
Mary,Emig,Sters1992
Ruth,Coello,Blike1965
Barbara,Smith,Gandiziesed1946
Lela,Cook,Drowed
Irene,Tellez,Mucked
Marguerite,Barnard,Theken
Neva,Shelton,Glind1972
Stephen,Medina,Thellaick
Candice,Wright,Scon1936
Ruby,Rivas,Priny1971
Stephanie,Travis,Coman1979
Arron,Bailey,Woreser1994
Tim,Salazar,Pausay
Harold,Black,Toorm1956
Eva,Campbell,Yourpearery
Randall,Morrison,Hery1932
Alvin,Hill,Agend1970
Otis,Johnson,Cepearre1972
Tom,Barber,Chismakey
Charlene,Clemens,Filtaked
Chris,Snow,Witterlass
Eric,Hernandez,Ungthe
David,Collier,Twought
Vera,Dashiell,Maziever
Deangelo,Peek,Thadvating
Catherine,Bettis,Welyine
Charles,Oneil,Ponjuseme
Heidi,Kim,Hilierest
Susan,Edison,Muck1939
Rolanda,Vidal,Hunitesige
Carrie,Barrera,Martur1957
Steven,Bushee,Swood1986
Justin,Lopez,Smake1977
Robert,Prosser,Hight1933
Linda,Edgington,Gring1960
Vince,Herron,Shors1975
George,Peters,Govers
Garret,Davis,Theyn1932
Mark,Schwindt,Formar
Eloise,Hughes,Doem1977
Joseph,Cutright,Glan1940
Mike,Schroeder,Takis1972
Edward,Clevenger,Leopichiss
Mildred,Forehand,Anin1956
Timothy,Rivera,Fringuaing
Bruce,Fox,Comisdazied
Jose,Gilbert,Sinexpond78
Maribel,Morrison,Sours1944
Marvin,Gaspar,Inknot
Lyle,Locke,Haverm
John,Wright,Confled
Angela,Whitney,Lithert
Ignacio,Fleming,Brid1938
Patricia,Delgado,Onstonly1932
Kevin,Zook,Huselp
Frances,Elliott,Whicar
Tonya,Buford,Anywhon
Christopher,Washington,Halseara49
Jarod,Valdez,Whous1940
Sherri,Grinder,Facesoccat
Shirley,Downs,Eadve1936
Anthony,Sigler,Suittled
Peggy,Thayer,Slieventes
Lynn,Thompson,Hichit
John,Burgess,Siplat
Jose,Adams,Nelice
Robert,Sjogren,Pegrew
Sheila,Mason,Romuffel
Regina,Evans,Moonce
Adam,Sanchez,Thavibittend
Nicholas,Lightfoot,Norsestay
Paul,Manley,Causubtlig
Howard,Rodriquez,Reassur36
Mary,Paradis,Hentwonce
Mary,Carpenter,Treasking
Robert,Travers,Saillower
Chantell,Fisher,Litheenty96
Jason,Sparks,Thishe
Maria,Pederson,Foldente
Tanya,Gilmore,Pargety94
Ann,Monzo,Runcest
Elizabeth,Marshall,Befteeprishe1950
Eusebia,Strickland,Upellift
Kimberly,Sandoval,Housee
Mary,Pauley,Cappiket
Derrick,Waldrup,Butheladich
Edward,Macdougall,Opuriank
Eugenio,Jarrell,Thile1989
David,Mishler,Bouselt
Stephanie,Goslin,Ideven
Martha,Murphy,Ontomprods
Jerry,Prisco,Rourts
Dorothy,Barrington,Mitcher
Gladys,Scott,Wold1946
Walter,Baughman,Thermed50
Leanne,Preston,Reas1970
Norris,Crabtree,Joill1976
George,Whigham,Opeas1931
Cory,McCollough,Soffew
William,Burns,Foreplarks1983
Robyn,Hall,Smake1935
Amber,Rodriguez,Johum1951
Michael,Brady,Foreasked
Francis,Lillibridge,Goned1969
Judith,Pryor,Uple1950
Hazel,Bixler,Cocand
Gregory,Edwards,Armilgen
Ronald,Palacios,Ingesecition1951
William,Hebert,Tishat
Margaret,Towne,Pappinging
Edward,Pleasant,Forwas
Katherine,Fagan,Meaust
Craig,Gillispie,Thaded
Steven,Hall,Squitive
Shellie,Johnson,Theiner85
Elizabeth,McDonald,Minsingthe1991
Donald,Taylor,Hiner1939
Kirk,Woodward,Priellost
Debra,Canady,Trucce
Robert,Talty,Oppithing1938
Evelyn,Emberton,Obtionve
Dan,Shull,Justat
Noreen,Pollard,Feavainnince
Adam,Alcala,Anksat
Whitney,Gore,Dayebefigge
Lila,Hall,Whill1982
Jerrell,Clark,Rephrom
Caridad,Tso,Gaveressake
Crystal,Alcorn,Lach1969
Carla,Dennis,Hatand
Betty,Matlock,Boulied
Nadine,Black,Thente
Matthew,Drolet,Youltold68
Margarito,Cripps,Youredut
Judy,Vigil,Honant
Mary,McClanahan,Saisent91
John,Baker,Thorrover
Suzanne,Bryant,Obed1955
Edith,Cunningham,Raingerred
Alberto,Henry,Selfind
Grace,Williams,Thaturrouret
Richard,Johnson,Olcou1981
Robert,Jenkins,Hicked
Leigh,Jones,Forst1993
Ivy,Gilmore,Cutdomplad63
Joseph,Stone,Ivii1988
Martha,Ruff,Camookeeas
Donna,Ranger,Coull1949
Christopher,McKeever,Necovioll1983
Frederick,Terry,Ouded1972
David,Bernier,Wasiss
Lauretta,Lehman,Eredis
Elizabeth,Valdez,Musupothers
Erin,Lawrence,Spoicken
Roman,Harrington,Thandeant
Stephanie,Johnson,Knou1965
Sean,Mulligan,Knotlexcel1933
George,Repass,Befor1991
Joseph,Diaz,Benctes30
Hector,Kinsman,Wompas
Joseph,Castro,Nevard
Marilyn,Jordan,Shopmed
